Workbook
Name List_CertNames: DataSources!$E$1:$E$5
Name List_EmpNames: DataSources!$B$1:$B$4

Sheet Sheet1
A1: DANH SÁCH BẰNG CẤP/CHỨNG CHỈ NHÂN VIÊN
A3: CODE | B3: FULL_NAME | C3: CERTIFICATE_TYPE | D3: IS_PRIME | E3: NAME | G3: LEVEL_ID | H3: LEVEL_TRAIN | I3: TRAINING_METHOD | J3: YEAR | K3: CONTENT_TRAIN | L3: MARK | M3: TRAIN_FROM_DATE | N3: TRAIN_TO_DATE | O3: EFFECT_FROM | P3: EFFECT_TO | Q3: CLASSIFICATION | R3: REMARK
A4: Mã nhân viên | B4: Họ và tên | C4: Loại bằng cấp/Chứng chỉ | D4: Là bằng chính | E4: Tên bằng cấp/Chứng chỉ | F4: Đơn vị đào tạo | G4: Trình độ chuyên môn | H4: Trình độ học vấn | I4: Hình thức đào tạo | J4: Năm | K4: Nội dung đào tạo | L4: Điểm số | M4: Thời gian đào tạo từ | N4: Thời gian đào tạo đến | O4: Hiệu lực chứng chỉ từ | P4: Hiệu lực chứng chỉ đến | Q4: Xếp loại tốt nghiệp | R4: Ghi chú
A5: Chọn từ danh sách (bắt buộc) | B5: Chọn từ danh sách (bắt buộc) | C5: Chọn từ danh sách (bắt buộc) | D5: Chọn từ danh sách | E5: Kiểu chuỗi ký tự | F5: Chọn từ danh sách (bắt buộc) | G5: Chọn từ danh sách | H5: Chọn từ danh sách | I5: Chọn từ danh sách (bắt buộc) | J5: Kiểu số (ví dụ : 2026) (Bắt buộc) | K5: Kiểu chuỗi ký tự | L5: Nhập điểm số (ví dụ: 8.5) | M5: Kiểu ngày tháng dd/MM/yyyy | N5: Kiểu ngày tháng dd/MM/yyyy | O5: Kiểu ngày tháng dd/MM/yyyy | P5: Kiểu ngày tháng dd/MM/yyyy | Q5: Kiểu chuỗi ký tự | R5: Kiểu chuỗi ký tự
D6: =IF(C6="", "", INDEX(DataSources!$A$1:$A$4, MATCH(C6, DataSources!$B$1:$B$4, 0))) | F6: =IF(E6="", "", INDEX(DataSources!$D$1:$D$5, MATCH(E6, DataSources!$E$1:$E$5, 0)))
D7: =IF(C7="", "", INDEX(DataSources!$A$1:$A$4, MATCH(C7, DataSources!$B$1:$B$4, 0))) | F7: =IF(E7="", "", INDEX(DataSources!$D$1:$D$5, MATCH(E7, DataSources!$E$1:$E$5, 0)))
D8: =IF(C8="", "", INDEX(DataSources!$A$1:$A$4, MATCH(C8, DataSources!$B$1:$B$4, 0))) | F8: =IF(E8="", "", INDEX(DataSources!$D$1:$D$5, MATCH(E8, DataSources!$E$1:$E$5, 0)))
D9: =IF(C9="", "", INDEX(DataSources!$A$1:$A$4, MATCH(C9, DataSources!$B$1:$B$4, 0))) | F9: =IF(E9="", "", INDEX(DataSources!$D$1:$D$5, MATCH(E9, DataSources!$E$1:$E$5, 0)))
D10: =IF(C10="", "", INDEX(DataSources!$A$1:$A$4, MATCH(C10, DataSources!$B$1:$B$4, 0))) | F10: =IF(E10="", "", INDEX(DataSources!$D$1:$D$5, MATCH(E10, DataSources!$E$1:$E$5, 0)))
D11: =IF(C11="", "", INDEX(DataSources!$A$1:$A$4, MATCH(C11, DataSources!$B$1:$B$4, 0))) | F11: =IF(E11="", "", INDEX(DataSources!$D$1:$D$5, MATCH(E11, DataSources!$E$1:$E$5, 0)))
D12: =IF(C12="", "", INDEX(DataSources!$A$1:$A$4, MATCH(C12, DataSources!$B$1:$B$4, 0))) | F12: =IF(E12="", "", INDEX(DataSources!$D$1:$D$5, MATCH(E12, DataSources!$E$1:$E$5, 0)))
D13: =IF(C13="", "", INDEX(DataSources!$A$1:$A$4, MATCH(C13, DataSources!$B$1:$B$4, 0))) | F13: =IF(E13="", "", INDEX(DataSources!$D$1:$D$5, MATCH(E13, DataSources!$E$1:$E$5, 0)))
D14: =IF(C14="", "", INDEX(DataSources!$A$1:$A$4, MATCH(C14, DataSources!$B$1:$B$4, 0))) | F14: =IF(E14="", "", INDEX(DataSources!$D$1:$D$5, MATCH(E14, DataSources!$E$1:$E$5, 0)))
D15: =IF(C15="", "", INDEX(DataSources!$A$1:$A$4, MATCH(C15, DataSources!$B$1:$B$4, 0))) | F15: =IF(E15="", "", INDEX(DataSources!$D$1:$D$5, MATCH(E15, DataSources!$E$1:$E$5, 0)))
D16: =IF(C16="", "", INDEX(DataSources!$A$1:$A$4, MATCH(C16, DataSources!$B$1:$B$4, 0))) | F16: =IF(E16="", "", INDEX(DataSources!$D$1:$D$5, MATCH(E16, DataSources!$E$1:$E$5, 0)))
D17: =IF(C17="", "", INDEX(DataSources!$A$1:$A$4, MATCH(C17, DataSources!$B$1:$B$4, 0))) | F17: =IF(E17="", "", INDEX(DataSources!$D$1:$D$5, MATCH(E17, DataSources!$E$1:$E$5, 0)))
... D100: =IF(C100="", "", INDEX(DataSources!$A$1:$A$4, MATCH(C100, DataSources!$B$1:$B$4, 0))) | F100: =IF(E100="", "", INDEX(DataSources!$D$1:$D$5, MATCH(E100, DataSources!$E$1:$E$5, 0)))

Sheet DataSources
A1: 1 | B1: Nguyễn Văn A | D1: 1 | E1: Bộ phận IT
A2: 2 | B2: Trần Thị B | D2: 2 | E2: Bộ phận Kế toán
A3: 3 | B3: Lê Văn C | D3: 3 | E3: Bộ phận Nhân sự
A4: 4 | B4: Phạm Thị D | D4: 4 | E4: Bộ phận Sản xuất
D5: 5 | E5: Bộ phận Kinh doanh
